id,Status,Time,Latitude,Longitude
1086,Logged On,00:00.1,-27.479221,153.012008
1086,Logged On,00:00.1,-27.479221,153.012008
1086,Logged On,00:00.1,-27.479221,153.012008
1086,Logged On,00:00.1,-27.479221,153.012008
1086,Logged On,00:00.1,-27.479221,153.012008
1050,Logged On,00:00.2,-27.467441,153.022696
1050,Logged On,00:00.2,-27.467441,153.022696
1050,Logged On,00:00.2,-27.467441,153.022696
1050,Logged On,00:00.2,-27.467441,153.022696
1050,Logged On,00:00.2,-27.467441,153.022696
833,Meter On,00:00.3,-27.439489,153.064292
833,Meter On,00:00.3,-27.439489,153.064292
833,Meter On,00:00.3,-27.439489,153.064292
833,Meter On,00:00.3,-27.439489,153.064292
833,Meter On,00:00.3,-27.439489,153.064292
1038,Meter On,00:00.4,-27.448389,153.032643
1038,Meter On,00:00.4,-27.448389,153.032643
1038,Meter On,00:00.4,-27.448389,153.032643
1038,Meter On,00:00.4,-27.448389,153.032643
1038,Meter On,00:00.4,-27.448389,153.032643
1023,Meter On,00:00.5,-27.430589,153.093514
1023,Meter On,00:00.5,-27.430589,153.093514
1023,Meter On,00:00.5,-27.430589,153.093514
1023,Meter On,00:00.5,-27.430589,153.093514
1023,Meter On,00:00.5,-27.430589,153.093514
1388,Meter On,00:00.6,-27.484701,153.037211
1388,Meter On,00:00.6,-27.484701,153.037211
1388,Meter On,00:00.6,-27.484701,153.037211
1388,Meter On,00:00.6,-27.484701,153.037211
1388,Meter On,00:00.6,-27.484701,153.037211
1277,Meter On,00:00.8,-27.454374,152.98851
1277,Meter On,00:00.8,-27.454374,152.98851
1277,Meter On,00:00.8,-27.454374,152.98851
1277,Meter On,00:00.8,-27.454374,152.98851
1277,Meter On,00:00.8,-27.454374,152.98851
1425,Logged On,00:00.9,-27.408873,153.03246
1425,Logged On,00:00.9,-27.408873,153.03246
1425,Logged On,00:00.9,-27.408873,153.03246
1425,Logged On,00:00.9,-27.408873,153.03246
1425,Logged On,00:00.9,-27.408873,153.03246
737,Meter On,00:01.0,-27.448857,153.037424
737,Meter On,00:01.0,-27.448857,153.037424
737,Meter On,00:01.0,-27.448857,153.037424
737,Meter On,00:01.0,-27.448857,153.037424
737,Meter On,00:01.0,-27.448857,153.037424
1293,Logged On,00:01.3,-27.402169,153.109531
1293,Logged On,00:01.3,-27.402169,153.109531
1293,Logged On,00:01.3,-27.402169,153.109531
1293,Logged On,00:01.3,-27.402169,153.109531
1293,Logged On,00:01.3,-27.402169,153.109531
547,Logged On,00:01.3,-27.471742,153.024533
547,Logged On,00:01.3,-27.471742,153.024533
547,Logged On,00:01.3,-27.471742,153.024533
547,Logged On,00:01.3,-27.471742,153.024533
547,Logged On,00:01.3,-27.471742,153.024533
988,Ignition Off,00:01.4,-27.22689,153.084196
988,Ignition Off,00:01.4,-27.22689,153.084196
988,Ignition Off,00:01.4,-27.22689,153.084196
988,Ignition Off,00:01.4,-27.22689,153.084196
988,Ignition Off,00:01.4,-27.22689,153.084196
1211,Logged On,00:01.4,-27.394474,152.991991
1211,Logged On,00:01.4,-27.394474,152.991991
1211,Logged On,00:01.4,-27.394474,152.991991
1211,Logged On,00:01.4,-27.394474,152.991991
1211,Logged On,00:01.4,-27.394474,152.991991
471,Meter On,00:01.5,-27.419006,153.041108
471,Meter On,00:01.5,-27.419006,153.041108
471,Meter On,00:01.5,-27.419006,153.041108
471,Meter On,00:01.5,-27.419006,153.041108
471,Meter On,00:01.5,-27.419006,153.041108
1281,Logged On,00:01.5,-27.470455,153.002375
1281,Logged On,00:01.5,-27.470455,153.002375
1281,Logged On,00:01.5,-27.470455,153.002375
1281,Logged On,00:01.5,-27.470455,153.002375
1281,Logged On,00:01.5,-27.470455,153.002375
658,Logged On,00:01.6,-27.467423,153.007866
658,Logged On,00:01.6,-27.467423,153.007866
658,Logged On,00:01.6,-27.467423,153.007866
658,Logged On,00:01.6,-27.467423,153.007866
658,Logged On,00:01.6,-27.467423,153.007866
666,Logged On,00:01.7,-27.268224,152.981608
666,Logged On,00:01.7,-27.268224,152.981608
666,Logged On,00:01.7,-27.268224,152.981608
666,Logged On,00:01.7,-27.268224,152.981608
666,Logged On,00:01.7,-27.268224,152.981608
1377,Logged On,00:01.7,-27.485484,152.991788
1377,Logged On,00:01.7,-27.485484,152.991788
1377,Logged On,00:01.7,-27.485484,152.991788
1377,Logged On,00:01.7,-27.485484,152.991788
1377,Logged On,00:01.7,-27.485484,152.991788
1182,Meter On,00:01.8,-27.472039,153.024513
1182,Meter On,00:01.8,-27.472039,153.024513
1182,Meter On,00:01.8,-27.472039,153.024513
1182,Meter On,00:01.8,-27.472039,153.024513
1182,Meter On,00:01.8,-27.472039,153.024513
1235,Logged On,00:01.9,-27.458324,153.035079
1235,Logged On,00:01.9,-27.458324,153.035079
1235,Logged On,00:01.9,-27.458324,153.035079
1235,Logged On,00:01.9,-27.458324,153.035079
1235,Logged On,00:01.9,-27.458324,153.035079
742,Logged On,00:02.0,-27.463886,153.024898
742,Logged On,00:02.0,-27.463886,153.024898
742,Logged On,00:02.0,-27.463886,153.024898
742,Logged On,00:02.0,-27.463886,153.024898
742,Logged On,00:02.0,-27.463886,153.024898
443,Logged On,00:02.1,-27.435754,153.041413
443,Logged On,00:02.1,-27.435754,153.041413
443,Logged On,00:02.1,-27.435754,153.041413
443,Logged On,00:02.1,-27.435754,153.041413
443,Logged On,00:02.1,-27.435754,153.041413
1560,Logged On,00:02.6,-27.457271,153.019397
1560,Logged On,00:02.6,-27.457271,153.019397
1560,Logged On,00:02.6,-27.457271,153.019397
1560,Logged On,00:02.6,-27.457271,153.019397
1560,Logged On,00:02.6,-27.457271,153.019397
691,Logged On,00:02.7,-27.490992,153.072777
691,Logged On,00:02.7,-27.490992,153.072777
691,Logged On,00:02.7,-27.490992,153.072777
691,Logged On,00:02.7,-27.490992,153.072777
691,Logged On,00:02.7,-27.490992,153.072777
1193,Meter On,00:02.8,-27.402691,153.109308
1193,Meter On,00:02.8,-27.402691,153.109308
1193,Meter On,00:02.8,-27.402691,153.109308
1193,Meter On,00:02.8,-27.402691,153.109308
1193,Meter On,00:02.8,-27.402691,153.109308
538,Logged On,00:02.9,-27.474118,153.018443
538,Logged On,00:02.9,-27.474118,153.018443
538,Logged On,00:02.9,-27.474118,153.018443
538,Logged On,00:02.9,-27.474118,153.018443
538,Logged On,00:02.9,-27.474118,153.018443
1108,Logged On,00:02.9,-27.412221,153.07974
1108,Logged On,00:02.9,-27.412221,153.07974
1108,Logged On,00:02.9,-27.412221,153.07974
1108,Logged On,00:02.9,-27.412221,153.07974
1108,Logged On,00:02.9,-27.412221,153.07974
1053,Logged On,00:02.9,-27.467657,153.029892
1053,Logged On,00:02.9,-27.467657,153.029892
1053,Logged On,00:02.9,-27.467657,153.029892
1053,Logged On,00:02.9,-27.467657,153.029892
1053,Logged On,00:02.9,-27.467657,153.029892
1266,Meter On,00:03.3,-27.38615,153.118494
1266,Meter On,00:03.3,-27.38615,153.118494
1266,Meter On,00:03.3,-27.38615,153.118494
1266,Meter On,00:03.3,-27.38615,153.118494
1266,Meter On,00:03.3,-27.38615,153.118494
1342,Logged On,00:03.4,-27.439759,153.049127
1342,Logged On,00:03.4,-27.439759,153.049127
1342,Logged On,00:03.4,-27.439759,153.049127
1342,Logged On,00:03.4,-27.439759,153.049127
1342,Logged On,00:03.4,-27.439759,153.049127
1207,Logged On,00:03.4,-27.401071,153.109765
1207,Logged On,00:03.4,-27.401071,153.109765
1207,Logged On,00:03.4,-27.401071,153.109765
1207,Logged On,00:03.4,-27.401071,153.109765
1207,Logged On,00:03.4,-27.401071,153.109765
1596,Logged On,00:03.4,-27.464291,153.012607
1596,Logged On,00:03.4,-27.464291,153.012607
1596,Logged On,00:03.4,-27.464291,153.012607
1596,Logged On,00:03.4,-27.464291,153.012607
1596,Logged On,00:03.4,-27.464291,153.012607
624,Logged On,00:03.5,-27.439507,153.0304
624,Logged On,00:03.5,-27.439507,153.0304
624,Logged On,00:03.5,-27.439507,153.0304
624,Logged On,00:03.5,-27.439507,153.0304
624,Logged On,00:03.5,-27.439507,153.0304
1387,Logged On,00:03.5,-27.394339,153.105014
1387,Logged On,00:03.5,-27.394339,153.105014
1387,Logged On,00:03.5,-27.394339,153.105014
1387,Logged On,00:03.5,-27.394339,153.105014
1387,Logged On,00:03.5,-27.394339,153.105014
650,Logged On,00:03.7,-27.471355,153.023924
650,Logged On,00:03.7,-27.471355,153.023924
650,Logged On,00:03.7,-27.471355,153.023924
650,Logged On,00:03.7,-27.471355,153.023924
650,Logged On,00:03.7,-27.471355,153.023924
907,Logged On,00:03.8,-27.581228,153.078116
907,Logged On,00:03.8,-27.581228,153.078116
907,Logged On,00:03.8,-27.581228,153.078116
907,Logged On,00:03.8,-27.581228,153.078116
907,Logged On,00:03.8,-27.581228,153.078116
1176,Meter On,00:03.8,-27.458405,153.000274
1176,Meter On,00:03.8,-27.458405,153.000274
1176,Meter On,00:03.8,-27.458405,153.000274
1176,Meter On,00:03.8,-27.458405,153.000274
1176,Meter On,00:03.8,-27.458405,153.000274
456,Logged On,00:03.9,-27.469339,153.027375
456,Logged On,00:03.9,-27.469339,153.027375
456,Logged On,00:03.9,-27.469339,153.027375
456,Logged On,00:03.9,-27.469339,153.027375
456,Logged On,00:03.9,-27.469339,153.027375
1486,Ignition Off,00:03.9,-27.434458,153.044397
1486,Ignition Off,00:03.9,-27.434458,153.044397
1486,Ignition Off,00:03.9,-27.434458,153.044397
1486,Ignition Off,00:03.9,-27.434458,153.044397
1486,Ignition Off,00:03.9,-27.434458,153.044397
823,Meter On,00:04.0,-27.382172,152.955451
823,Meter On,00:04.0,-27.382172,152.955451
823,Meter On,00:04.0,-27.382172,152.955451
823,Meter On,00:04.0,-27.382172,152.955451
823,Meter On,00:04.0,-27.382172,152.955451
960,Logged On,00:04.0,-27.469591,153.028248
960,Logged On,00:04.0,-27.469591,153.028248
960,Logged On,00:04.0,-27.469591,153.028248
960,Logged On,00:04.0,-27.469591,153.028248
960,Logged On,00:04.0,-27.469591,153.028248
799,Logged On,00:04.4,-27.401242,153.109633
799,Logged On,00:04.4,-27.401242,153.109633
799,Logged On,00:04.4,-27.401242,153.109633
799,Logged On,00:04.4,-27.401242,153.109633
799,Logged On,00:04.4,-27.401242,153.109633
454,Logged On,00:04.4,-27.402556,153.109359
454,Logged On,00:04.4,-27.402556,153.109359
454,Logged On,00:04.4,-27.402556,153.109359
454,Logged On,00:04.4,-27.402556,153.109359
454,Logged On,00:04.4,-27.402556,153.109359
1304,Meter On,00:04.8,-27.484521,153.075081
1304,Meter On,00:04.8,-27.484521,153.075081
1304,Meter On,00:04.8,-27.484521,153.075081
1304,Meter On,00:04.8,-27.484521,153.075081
1304,Meter On,00:04.8,-27.484521,153.075081
1611,Meter On,00:04.8,-27.450207,153.000579
1611,Meter On,00:04.8,-27.450207,153.000579
1611,Meter On,00:04.8,-27.450207,153.000579
1611,Meter On,00:04.8,-27.450207,153.000579
1611,Meter On,00:04.8,-27.450207,153.000579
726,Ignition On,00:04.8,-27.871778,153.313683
726,Ignition On,00:04.8,-27.871778,153.313683
726,Ignition On,00:04.8,-27.871778,153.313683
726,Ignition On,00:04.8,-27.871778,153.313683
726,Ignition On,00:04.8,-27.871778,153.313683
1020,Logged On,00:04.9,-27.402538,153.109379
1020,Logged On,00:04.9,-27.402538,153.109379
1020,Logged On,00:04.9,-27.402538,153.109379
1020,Logged On,00:04.9,-27.402538,153.109379
1020,Logged On,00:04.9,-27.402538,153.109379
558,Logged On,00:04.9,-27.446319,153.028816
558,Logged On,00:04.9,-27.446319,153.028816
558,Logged On,00:04.9,-27.446319,153.028816
558,Logged On,00:04.9,-27.446319,153.028816
558,Logged On,00:04.9,-27.446319,153.028816
483,Logged On,00:05.2,-27.383891,153.120016
483,Logged On,00:05.2,-27.383891,153.120016
483,Logged On,00:05.2,-27.383891,153.120016
483,Logged On,00:05.2,-27.383891,153.120016
483,Logged On,00:05.2,-27.383891,153.120016
953,Logged On,00:05.5,-27.501809,153.039758
953,Logged On,00:05.5,-27.501809,153.039758
953,Logged On,00:05.5,-27.501809,153.039758
953,Logged On,00:05.5,-27.501809,153.039758
953,Logged On,00:05.5,-27.501809,153.039758
604,Meter On,00:05.5,-27.459467,153.033841
604,Meter On,00:05.5,-27.459467,153.033841
604,Meter On,00:05.5,-27.459467,153.033841
604,Meter On,00:05.5,-27.459467,153.033841
604,Meter On,00:05.5,-27.459467,153.033841
928,Meter On,00:05.7,-27.482271,153.020209
928,Meter On,00:05.7,-27.482271,153.020209
928,Meter On,00:05.7,-27.482271,153.020209
928,Meter On,00:05.7,-27.482271,153.020209
928,Meter On,00:05.7,-27.482271,153.020209
583,Logged On,00:05.8,-27.429671,153.053624
583,Logged On,00:05.8,-27.429671,153.053624
583,Logged On,00:05.8,-27.429671,153.053624
583,Logged On,00:05.8,-27.429671,153.053624
583,Logged On,00:05.8,-27.429671,153.053624
1244,Logged On,00:06.3,-27.46862,153.035962
1244,Logged On,00:06.3,-27.46862,153.035962
1244,Logged On,00:06.3,-27.46862,153.035962
1244,Logged On,00:06.3,-27.46862,153.035962
1244,Logged On,00:06.3,-27.46862,153.035962
1440,Meter On,00:06.4,-27.470005,153.009024
1440,Meter On,00:06.4,-27.470005,153.009024
1440,Meter On,00:06.4,-27.470005,153.009024
1440,Meter On,00:06.4,-27.470005,153.009024
1440,Meter On,00:06.4,-27.470005,153.009024
949,Logged On,00:06.5,-27.478384,153.021376
949,Logged On,00:06.5,-27.478384,153.021376
949,Logged On,00:06.5,-27.478384,153.021376
949,Logged On,00:06.5,-27.478384,153.021376
949,Logged On,00:06.5,-27.478384,153.021376
749,Meter On,00:06.6,-27.449469,153.027812
749,Meter On,00:06.6,-27.449469,153.027812
749,Meter On,00:06.6,-27.449469,153.027812
749,Meter On,00:06.6,-27.449469,153.027812
749,Meter On,00:06.6,-27.449469,153.027812
1224,Logged On,00:06.9,-27.381174,153.063429
1224,Logged On,00:06.9,-27.381174,153.063429
1224,Logged On,00:06.9,-27.381174,153.063429
1224,Logged On,00:06.9,-27.381174,153.063429
1224,Logged On,00:06.9,-27.381174,153.063429
975,Logged On,00:07.0,-27.47077,153.026594
975,Logged On,00:07.0,-27.47077,153.026594
975,Logged On,00:07.0,-27.47077,153.026594
975,Logged On,00:07.0,-27.47077,153.026594
975,Logged On,00:07.0,-27.47077,153.026594
461,Logged On,00:07.1,-27.384458,153.030309
461,Logged On,00:07.1,-27.384458,153.030309
461,Logged On,00:07.1,-27.384458,153.030309
461,Logged On,00:07.1,-27.384458,153.030309
461,Logged On,00:07.1,-27.384458,153.030309
620,Logged On,00:07.2,-27.47212,153.023711
620,Logged On,00:07.2,-27.47212,153.023711
620,Logged On,00:07.2,-27.47212,153.023711
620,Logged On,00:07.2,-27.47212,153.023711
620,Logged On,00:07.2,-27.47212,153.023711
828,Ignition Off,00:07.2,-27.492891,153.094945
828,Ignition Off,00:07.2,-27.492891,153.094945
828,Ignition Off,00:07.2,-27.492891,153.094945
828,Ignition Off,00:07.2,-27.492891,153.094945
828,Ignition Off,00:07.2,-27.492891,153.094945
439,Logged On,00:07.3,-27.457253,153.034166
439,Logged On,00:07.3,-27.457253,153.034166
439,Logged On,00:07.3,-27.457253,153.034166
439,Logged On,00:07.3,-27.457253,153.034166
439,Logged On,00:07.3,-27.457253,153.034166
1393,Logged On,00:07.3,-27.5518,153.068027
1393,Logged On,00:07.3,-27.5518,153.068027
1393,Logged On,00:07.3,-27.5518,153.068027
1393,Logged On,00:07.3,-27.5518,153.068027
1393,Logged On,00:07.3,-27.5518,153.068027
906,Logged On,00:24.3,-27.401908,153.06486
906,Logged On,00:24.3,-27.401908,153.06486
906,Logged On,00:24.3,-27.401908,153.06486
906,Logged On,00:24.3,-27.401908,153.06486
906,Logged On,00:24.3,-27.401908,153.06486
693,Meter On,00:24.3,-27.455004,153.030623
693,Meter On,00:24.3,-27.455004,153.030623
693,Meter On,00:24.3,-27.455004,153.030623
693,Meter On,00:24.3,-27.455004,153.030623
693,Meter On,00:24.3,-27.455004,153.030623
1476,Logged On,00:24.3,-27.482334,152.996508
1476,Logged On,00:24.3,-27.482334,152.996508
1476,Logged On,00:24.3,-27.482334,152.996508
1476,Logged On,00:24.3,-27.482334,152.996508
1476,Logged On,00:24.3,-27.482334,152.996508
1287,Ignition On,00:25.0,-27.343889,153.058607
1287,Ignition On,00:25.0,-27.343889,153.058607
1287,Ignition On,00:25.0,-27.343889,153.058607
1287,Ignition On,00:25.0,-27.343889,153.058607
1287,Ignition On,00:25.0,-27.343889,153.058607
813,Logged On,00:27.7,-27.457235,153.034125
813,Logged On,00:27.7,-27.457235,153.034125
813,Logged On,00:27.7,-27.457235,153.034125
813,Logged On,00:27.7,-27.457235,153.034125
813,Logged On,00:27.7,-27.457235,153.034125
592,Logged On,00:28.6,-27.468359,153.027274
592,Logged On,00:28.6,-27.468359,153.027274
592,Logged On,00:28.6,-27.468359,153.027274
592,Logged On,00:28.6,-27.468359,153.027274
592,Logged On,00:28.6,-27.468359,153.027274
493,Logged On,00:29.7,-27.464651,153.012891
493,Logged On,00:29.7,-27.464651,153.012891
493,Logged On,00:29.7,-27.464651,153.012891
493,Logged On,00:29.7,-27.464651,153.012891
493,Logged On,00:29.7,-27.464651,153.012891
1086,Logged On,00:30.2,-27.479221,153.012008
1086,Logged On,00:30.2,-27.479221,153.012008
1086,Logged On,00:30.2,-27.479221,153.012008
1086,Logged On,00:30.2,-27.479221,153.012008
1086,Logged On,00:30.2,-27.479221,153.012008
833,Meter On,00:30.3,-27.439489,153.064292
833,Meter On,00:30.3,-27.439489,153.064292
833,Meter On,00:30.3,-27.439489,153.064292
833,Meter On,00:30.3,-27.439489,153.064292
833,Meter On,00:30.3,-27.439489,153.064292
1050,Logged On,00:30.5,-27.466757,153.023731
1050,Logged On,00:30.5,-27.466757,153.023731
1050,Logged On,00:30.5,-27.466757,153.023731
1050,Logged On,00:30.5,-27.466757,153.023731
1050,Logged On,00:30.5,-27.466757,153.023731
1388,Meter On,00:30.6,-27.485205,153.040225
1388,Meter On,00:30.6,-27.485205,153.040225
1388,Meter On,00:30.6,-27.485205,153.040225
1388,Meter On,00:30.6,-27.485205,153.040225
1388,Meter On,00:30.6,-27.485205,153.040225
1114,Meter On,00:30.8,-27.419951,153.08853
1114,Meter On,00:30.8,-27.419951,153.08853
1114,Meter On,00:30.8,-27.419951,153.08853
1114,Meter On,00:30.8,-27.419951,153.08853
1114,Meter On,00:30.8,-27.419951,153.08853
737,Meter On,00:31.1,-27.444654,153.038348
737,Meter On,00:31.1,-27.444654,153.038348
737,Meter On,00:31.1,-27.444654,153.038348
737,Meter On,00:31.1,-27.444654,153.038348
737,Meter On,00:31.1,-27.444654,153.038348
547,Logged On,00:31.3,-27.471742,153.024533
547,Logged On,00:31.3,-27.471742,153.024533
547,Logged On,00:31.3,-27.471742,153.024533
547,Logged On,00:31.3,-27.471742,153.024533
547,Logged On,00:31.3,-27.471742,153.024533
1293,Logged On,00:31.3,-27.402169,153.109531
1293,Logged On,00:31.3,-27.402169,153.109531
1293,Logged On,00:31.3,-27.402169,153.109531
1293,Logged On,00:31.3,-27.402169,153.109531
1293,Logged On,00:31.3,-27.402169,153.109531
658,Logged On,00:31.6,-27.467351,153.007877
658,Logged On,00:31.6,-27.467351,153.007877
658,Logged On,00:31.6,-27.467351,153.007877
658,Logged On,00:31.6,-27.467351,153.007877
658,Logged On,00:31.6,-27.467351,153.007877
666,Logged On,00:31.7,-27.268224,152.981608
666,Logged On,00:31.7,-27.268224,152.981608
666,Logged On,00:31.7,-27.268224,152.981608
666,Logged On,00:31.7,-27.268224,152.981608
666,Logged On,00:31.7,-27.268224,152.981608
749,Logged On,00:36.5,-27.44919,153.028248
749,Logged On,00:36.5,-27.44919,153.028248
749,Logged On,00:36.5,-27.44919,153.028248
749,Logged On,00:36.5,-27.44919,153.028248
749,Logged On,00:36.5,-27.44919,153.028248
1611,Meter On,00:36.7,-27.446652,152.998224
1611,Meter On,00:36.7,-27.446652,152.998224
1611,Meter On,00:36.7,-27.446652,152.998224
1611,Meter On,00:36.7,-27.446652,152.998224
1611,Meter On,00:36.7,-27.446652,152.998224
1332,Ignition Off,00:36.8,-27.665416,153.053827
1332,Ignition Off,00:36.8,-27.665416,153.053827
1332,Ignition Off,00:36.8,-27.665416,153.053827
1332,Ignition Off,00:36.8,-27.665416,153.053827
1332,Ignition Off,00:36.8,-27.665416,153.053827
1206,Logged On,00:43.9,-27.481308,153.037475
1206,Logged On,00:43.9,-27.481308,153.037475
1206,Logged On,00:43.9,-27.481308,153.037475
1206,Logged On,00:43.9,-27.481308,153.037475
1206,Logged On,00:43.9,-27.481308,153.037475
1098,Ignition Off,00:44.0,-27.627376,152.97362
1098,Ignition Off,00:44.0,-27.627376,152.97362
1098,Ignition Off,00:44.0,-27.627376,152.97362
1098,Ignition Off,00:44.0,-27.627376,152.97362
1098,Ignition Off,00:44.0,-27.627376,152.97362
694,Logged On,00:44.3,-27.401134,153.109633
694,Logged On,00:44.3,-27.401134,153.109633
694,Logged On,00:44.3,-27.401134,153.109633
694,Logged On,00:44.3,-27.401134,153.109633
694,Logged On,00:44.3,-27.401134,153.109633
1466,Logged On,00:49.7,-27.383738,153.030928
1466,Logged On,00:49.7,-27.383738,153.030928
1466,Logged On,00:49.7,-27.383738,153.030928
1466,Logged On,00:49.7,-27.383738,153.030928
1466,Logged On,00:49.7,-27.383738,153.030928
617,Logged On,00:58.0,-27.460655,153.030562
617,Logged On,00:58.0,-27.460655,153.030562
617,Logged On,00:58.0,-27.460655,153.030562
617,Logged On,00:58.0,-27.460655,153.030562
617,Logged On,00:58.0,-27.460655,153.030562
1586,Ignition On,01:04.5,-27.55621,153.040844
1586,Ignition On,01:04.5,-27.55621,153.040844
1586,Ignition On,01:04.5,-27.55621,153.040844
1586,Ignition On,01:04.5,-27.55621,153.040844
1586,Ignition On,01:04.5,-27.55621,153.040844
454,Meter On,01:04.6,-27.404905,153.105644
454,Meter On,01:04.6,-27.404905,153.105644
454,Meter On,01:04.6,-27.404905,153.105644
454,Meter On,01:04.6,-27.404905,153.105644
454,Meter On,01:04.6,-27.404905,153.105644
1252,Ignition Off,01:11.8,-27.65108,153.045311
1252,Ignition Off,01:11.8,-27.65108,153.045311
1252,Ignition Off,01:11.8,-27.65108,153.045311
1252,Ignition Off,01:11.8,-27.65108,153.045311
1252,Ignition Off,01:11.8,-27.65108,153.045311
934,Logged On,01:19.5,-27.381623,152.982542
934,Logged On,01:19.5,-27.381623,152.982542
934,Logged On,01:19.5,-27.381623,152.982542
934,Logged On,01:19.5,-27.381623,152.982542
934,Logged On,01:19.5,-27.381623,152.982542
560,Logged On,01:38.4,-27.468404,153.030014
560,Logged On,01:38.4,-27.468404,153.030014
560,Logged On,01:38.4,-27.468404,153.030014
560,Logged On,01:38.4,-27.468404,153.030014
560,Logged On,01:38.4,-27.468404,153.030014
851,Ignition Off,01:42.0,-27.342423,153.024949
851,Ignition Off,01:42.0,-27.342423,153.024949
851,Ignition Off,01:42.0,-27.342423,153.024949
851,Ignition Off,01:42.0,-27.342423,153.024949
851,Ignition Off,01:42.0,-27.342423,153.024949
600,Logged On,01:42.1,-27.400801,153.109825
600,Logged On,01:42.1,-27.400801,153.109825
600,Logged On,01:42.1,-27.400801,153.109825
600,Logged On,01:42.1,-27.400801,153.109825
600,Logged On,01:42.1,-27.400801,153.109825
694,Logged On,01:44.5,-27.401134,153.109633
694,Logged On,01:44.5,-27.401134,153.109633
694,Logged On,01:44.5,-27.401134,153.109633
694,Logged On,01:44.5,-27.401134,153.109633
694,Logged On,01:44.5,-27.401134,153.109633
921,Logged On,01:44.5,-27.556596,153.077426
921,Logged On,01:44.5,-27.556596,153.077426
921,Logged On,01:44.5,-27.556596,153.077426
921,Logged On,01:44.5,-27.556596,153.077426
921,Logged On,01:44.5,-27.556596,153.077426
979,Logged On,01:44.6,-27.471751,153.024158
979,Logged On,01:44.6,-27.471751,153.024158
979,Logged On,01:44.6,-27.471751,153.024158
979,Logged On,01:44.6,-27.471751,153.024158
979,Logged On,01:44.6,-27.471751,153.024158
440,Logged On,01:44.6,-27.491721,152.995676
440,Logged On,01:44.6,-27.491721,152.995676
440,Logged On,01:44.6,-27.491721,152.995676
440,Logged On,01:44.6,-27.491721,152.995676
440,Logged On,01:44.6,-27.491721,152.995676
1100,Meter On,01:45.8,-27.476323,153.017347
1100,Meter On,01:45.8,-27.476323,153.017347
1100,Meter On,01:45.8,-27.476323,153.017347
1100,Meter On,01:45.8,-27.476323,153.017347
1100,Meter On,01:45.8,-27.476323,153.017347
624,Logged On,02:03.6,-27.435574,153.031425
624,Logged On,02:03.6,-27.435574,153.031425
624,Logged On,02:03.6,-27.435574,153.031425
624,Logged On,02:03.6,-27.435574,153.031425
624,Logged On,02:03.6,-27.435574,153.031425
1232,Logged On,02:08.3,-27.468719,153.030441
1232,Logged On,02:08.3,-27.468719,153.030441
1232,Logged On,02:08.3,-27.468719,153.030441
1232,Logged On,02:08.3,-27.468719,153.030441
1232,Logged On,02:08.3,-27.468719,153.030441
560,Logged On,02:08.4,-27.468404,153.030014
560,Logged On,02:08.4,-27.468404,153.030014
560,Logged On,02:08.4,-27.468404,153.030014
560,Logged On,02:08.4,-27.468404,153.030014
560,Logged On,02:08.4,-27.468404,153.030014
844,Logged On,02:16.4,-27.34622,153.012464
844,Logged On,02:16.4,-27.34622,153.012464
844,Logged On,02:16.4,-27.34622,153.012464
844,Logged On,02:16.4,-27.34622,153.012464
844,Logged On,02:16.4,-27.34622,153.012464
1439,Meter On,02:24.7,-27.436267,153.031374
1439,Meter On,02:24.7,-27.436267,153.031374
1439,Meter On,02:24.7,-27.436267,153.031374
1439,Meter On,02:24.7,-27.436267,153.031374
1439,Meter On,02:24.7,-27.436267,153.031374
721,Logged On,02:39.7,-27.409287,153.05943
721,Logged On,02:39.7,-27.409287,153.05943
721,Logged On,02:39.7,-27.409287,153.05943
721,Logged On,02:39.7,-27.409287,153.05943
721,Logged On,02:39.7,-27.409287,153.05943
658,Logged On,03:01.8,-27.467351,153.007877
658,Logged On,03:01.8,-27.467351,153.007877
658,Logged On,03:01.8,-27.467351,153.007877
658,Logged On,03:01.8,-27.467351,153.007877
658,Logged On,03:01.8,-27.467351,153.007877
721,Logged On,03:09.9,-27.404734,153.059998
721,Logged On,03:09.9,-27.404734,153.059998
721,Logged On,03:09.9,-27.404734,153.059998
721,Logged On,03:09.9,-27.404734,153.059998
721,Logged On,03:09.9,-27.404734,153.059998
943,Logged On,03:10.4,-27.470752,153.030359
943,Logged On,03:10.4,-27.470752,153.030359
943,Logged On,03:10.4,-27.470752,153.030359
943,Logged On,03:10.4,-27.470752,153.030359
943,Logged On,03:10.4,-27.470752,153.030359
1217,Logged On,03:29.6,-27.46682,153.030197
1217,Logged On,03:29.6,-27.46682,153.030197
1217,Logged On,03:29.6,-27.46682,153.030197
1217,Logged On,03:29.6,-27.46682,153.030197
1217,Logged On,03:29.6,-27.46682,153.030197
567,Meter On,03:30.3,-27.437806,153.069945
567,Meter On,03:30.3,-27.437806,153.069945
567,Meter On,03:30.3,-27.437806,153.069945
567,Meter On,03:30.3,-27.437806,153.069945
567,Meter On,03:30.3,-27.437806,153.069945
1546,Logged On,03:52.0,-27.472705,153.029933
1546,Logged On,03:52.0,-27.472705,153.029933
1546,Logged On,03:52.0,-27.472705,153.029933
1546,Logged On,03:52.0,-27.472705,153.029933
1546,Logged On,03:52.0,-27.472705,153.029933
1163,Ignition Off,03:58.8,-27.54155,153.028076
1163,Ignition Off,03:58.8,-27.54155,153.028076
1163,Ignition Off,03:58.8,-27.54155,153.028076
1163,Ignition Off,03:58.8,-27.54155,153.028076
1163,Ignition Off,03:58.8,-27.54155,153.028076
963,Meter On,04:08.7,-27.412473,153.089423
963,Meter On,04:08.7,-27.412473,153.089423
963,Meter On,04:08.7,-27.412473,153.089423
963,Meter On,04:08.7,-27.412473,153.089423
963,Meter On,04:08.7,-27.412473,153.089423
714,Logged On,04:23.7,-27.414192,153.028116
714,Logged On,04:23.7,-27.414192,153.028116
714,Logged On,04:23.7,-27.414192,153.028116
714,Logged On,04:23.7,-27.414192,153.028116
714,Logged On,04:23.7,-27.414192,153.028116
1497,Ignition Off,04:24.6,-27.460889,153.030562
1497,Ignition Off,04:24.6,-27.460889,153.030562
1497,Ignition Off,04:24.6,-27.460889,153.030562
1497,Ignition Off,04:24.6,-27.460889,153.030562
1497,Ignition Off,04:24.6,-27.460889,153.030562
1596,Logged On,04:24.9,-27.465371,153.012799
1596,Logged On,04:24.9,-27.465371,153.012799
1596,Logged On,04:24.9,-27.465371,153.012799
1596,Logged On,04:24.9,-27.465371,153.012799
1596,Logged On,04:24.9,-27.465371,153.012799
580,Logged On,04:29.3,-27.445455,153.011033
580,Logged On,04:29.3,-27.445455,153.011033
580,Logged On,04:29.3,-27.445455,153.011033
580,Logged On,04:29.3,-27.445455,153.011033
580,Logged On,04:29.3,-27.445455,153.011033
742,Logged On,04:35.9,-27.47239,153.025213
742,Logged On,04:35.9,-27.47239,153.025213
742,Logged On,04:35.9,-27.47239,153.025213
742,Logged On,04:35.9,-27.47239,153.025213
742,Logged On,04:35.9,-27.47239,153.025213
1198,Logged On,04:40.2,-27.401071,153.109633
1198,Logged On,04:40.2,-27.401071,153.109633
1198,Logged On,04:40.2,-27.401071,153.109633
1198,Logged On,04:40.2,-27.401071,153.109633
1198,Logged On,04:40.2,-27.401071,153.109633
475,Logged On,04:50.9,-27.452925,153.090043
475,Logged On,04:50.9,-27.452925,153.090043
475,Logged On,04:50.9,-27.452925,153.090043
475,Logged On,04:50.9,-27.452925,153.090043
475,Logged On,04:50.9,-27.452925,153.090043
714,Logged On,04:53.6,-27.414192,153.028116
714,Logged On,04:53.6,-27.414192,153.028116
714,Logged On,04:53.6,-27.414192,153.028116
714,Logged On,04:53.6,-27.414192,153.028116
714,Logged On,04:53.6,-27.414192,153.028116
1116,Logged On,04:53.8,-27.570194,153.038165
1116,Logged On,04:53.8,-27.570194,153.038165
1116,Logged On,04:53.8,-27.570194,153.038165
1116,Logged On,04:53.8,-27.570194,153.038165
1116,Logged On,04:53.8,-27.570194,153.038165
479,Ignition Off,04:56.8,-27.412257,153.010932
479,Ignition Off,04:56.8,-27.412257,153.010932
479,Ignition Off,04:56.8,-27.412257,153.010932
479,Ignition Off,04:56.8,-27.412257,153.010932
479,Ignition Off,04:56.8,-27.412257,153.010932
